Location,Bedrooms,Bathrooms,Area_sqft,Age_years,Furnished,Price_PKR
Model Town,3,4,836,16,1,20328000
Clifton,4,3,1904,24,1,68320000
PECHS,5,4,3872,23,1,85514000
Model Town,1,3,2381,11,1,43938000
Gulshan-e-Iqbal,5,2,1901,17,1,36815000
PECHS,4,2,3906,14,1,84747000
PECHS,4,1,3141,11,0,70219500
Model Town,4,2,2651,15,0,55518000
Bahria Town,5,4,3313,26,1,85642500
Gulshan-e-Iqbal,4,2,1041,7,0,22915000
Model Town,5,3,2676,27,1,56928000
Gulshan-e-Iqbal,4,2,3780,13,0,63400000
Gulshan-e-Iqbal,3,1,3257,24,1,52455000
PECHS,4,2,1404,16,1,35698000
Clifton,5,3,674,28,0,34620000
Gulshan-e-Iqbal,2,3,3485,20,0,54275000
Johar Town,4,4,3817,7,1,71010500
PECHS,2,2,2775,14,1,57492500
Bahria Town,3,3,2689,26,0,65602500
Clifton,1,1,1979,13,0,60770000
Johar Town,3,4,640,17,1,15290000
Johar Town,4,1,3581,19,0,65796500
Bahria Town,2,2,2681,6,1,65422500
Clifton,2,2,3688,2,1,118240000
PECHS,5,2,2300,28,1,54210000
DHA Phase 6,2,4,3824,11,1,108468000
Clifton,5,3,3645,20,0,125350000
Bahria Town,1,4,2001,23,0,44572500
Johar Town,4,1,1187,27,0,25415500
PECHS,5,4,2222,25,0,53079000
Clifton,1,1,941,2,0,31830000
DHA Phase 6,2,4,2674,19,0,75978000
DHA Phase 6,2,3,3958,13,0,111726000
Gulshan-e-Iqbal,1,1,1245,14,1,19275000
Gulshan-e-Iqbal,2,2,1330,24,0,21550000
Model Town,1,2,767,29,0,12726000
Bahria Town,5,4,1209,13,1,40252500
Clifton,5,2,2915,6,0,106250000
Clifton,1,1,2372,16,0,71960000
Model Town,5,2,2640,29,1,56040000
Johar Town,5,3,3468,11,0,67012000
Johar Town,5,3,1054,19,0,26301000
Model Town,3,4,3553,3,0,70794000
Johar Town,4,1,2308,8,1,46002000
Gulshan-e-Iqbal,2,3,3569,5,0,57035000
Clifton,3,3,3628,15,0,117840000
Model Town,5,1,1301,24,1,32538000
Clifton,1,2,3281,27,0,97030000
DHA Phase 6,5,2,2199,21,1,73593000
Gulshan-e-Iqbal,4,4,729,21,1,16835000
PECHS,5,2,3667,20,0,81906500
Gulshan-e-Iqbal,1,1,2445,20,1,36675000
Model Town,4,3,1986,1,1,45228000
PECHS,5,2,3466,23,0,77597000
DHA Phase 6,4,4,1292,7,1,48024000
Model Town,2,2,3963,10,1,74934000
Bahria Town,2,1,1994,12,0,49065000
Clifton,5,4,1393,16,0,58590000
DHA Phase 6,4,2,628,7,0,30096000
Clifton,1,4,748,20,1,22440000
Johar Town,5,1,1919,17,0,40793500
Bahria Town,2,3,2658,29,1,61455000
Bahria Town,2,1,3323,17,1,78217500
DHA Phase 6,5,1,1736,13,1,62532000
Bahria Town,4,1,786,14,1,27585000
PECHS,2,1,3454,5,1,71903000
Bahria Town,4,3,3391,10,1,86797500
Clifton,2,3,1850,12,1,61100000
Clifton,2,4,1933,24,0,61190000
Model Town,3,2,697,0,0,19746000
Clifton,2,3,654,27,1,22220000
Model Town,1,3,3270,5,1,60660000
Clifton,5,2,3311,8,0,117730000
PECHS,5,3,1357,7,1,38551500
Model Town,4,1,1005,10,0,26490000
Gulshan-e-Iqbal,2,1,2716,21,0,42640000
Johar Town,1,2,3983,18,0,65939500
DHA Phase 6,4,4,1912,23,1,61884000
Clifton,3,4,2385,8,1,81950000
Bahria Town,4,2,1350,16,0,39975000
Clifton,4,2,3819,11,0,128370000
Bahria Town,2,1,2362,24,0,55545000
Johar Town,3,4,3915,13,0,69767500
Johar Town,4,3,3605,14,0,66742500
Johar Town,1,1,964,15,1,16456000
Bahria Town,1,2,2626,21,0,58935000
Clifton,5,4,1081,21,1,48230000
Johar Town,3,3,2848,27,0,50622000
PECHS,3,3,753,19,1,20013500
Model Town,5,1,2124,0,1,50232000
Bahria Town,4,4,2720,9,1,71850000
Bahria Town,3,4,3360,7,1,83550000
Clifton,1,2,2943,17,1,88890000
Bahria Town,1,4,1640,27,1,35850000
Bahria Town,2,4,2264,0,0,56940000
Johar Town,3,1,1840,1,1,36850000
Clifton,4,4,660,0,0,35800000
Johar Town,5,3,1538,0,1,36377000
Model Town,5,1,2239,8,1,51342000
Model Town,4,1,2689,12,0,56562000
Johar Town,2,2,624,29,1,11506000
Model Town,5,4,1662,0,0,41916000
Clifton,3,2,730,12,0,31500000
DHA Phase 6,2,3,1852,19,0,53784000
Johar Town,3,1,707,25,0,15515500
PECHS,1,1,771,21,1,14904500
PECHS,2,1,2058,6,1,44551000
Bahria Town,5,3,701,1,0,30622500
Model Town,2,3,3513,5,1,67434000
PECHS,2,2,3171,6,1,66254500
Bahria Town,2,2,2922,25,0,67995000
DHA Phase 6,2,2,2236,13,1,65232000
Clifton,3,4,3715,25,0,118450000
Clifton,1,1,3464,17,0,104520000
Clifton,4,1,3604,14,1,121320000
PECHS,2,2,1640,1,1,37050000
DHA Phase 6,5,1,929,9,1,41463000
PECHS,2,2,2120,22,0,43680000
Model Town,5,4,611,11,0,21678000
PECHS,3,4,1941,16,1,43569500
DHA Phase 6,5,3,815,7,1,38745000
DHA Phase 6,4,4,938,10,1,37926000
Model Town,1,2,2399,28,1,42222000
DHA Phase 6,5,4,3308,2,0,106956000
DHA Phase 6,5,3,3752,26,1,114624000
Clifton,1,1,2350,5,0,73500000
Model Town,4,2,2108,8,0,46584000
Gulshan-e-Iqbal,2,1,3021,5,1,48815000
Gulshan-e-Iqbal,5,3,3623,8,1,63545000
DHA Phase 6,1,3,1309,6,1,37863000
Gulshan-e-Iqbal,3,3,1823,8,0,32545000
Gulshan-e-Iqbal,1,1,3113,17,1,46995000
DHA Phase 6,3,1,1712,11,1,55044000
Gulshan-e-Iqbal,4,1,1891,7,0,35665000
PECHS,2,1,1088,7,1,25506000
Bahria Town,1,3,2161,17,0,49072500
Model Town,5,3,646,27,1,20388000
Bahria Town,4,2,3959,29,0,96727500
DHA Phase 6,1,2,1377,19,1,37359000
Clifton,5,1,1639,29,1,63370000
Model Town,1,4,1310,14,0,24300000
DHA Phase 6,3,4,1000,26,0,33120000
Clifton,1,3,2417,6,1,75310000
Bahria Town,1,3,3628,10,0,83130000
DHA Phase 6,1,3,3757,19,0,101619000
Model Town,4,2,849,15,0,23082000
Model Town,1,2,990,3,0,19860000
Johar Town,5,3,934,5,1,25861000
PECHS,3,3,1228,25,1,28496000
Gulshan-e-Iqbal,3,3,736,21,0,14940000
Clifton,1,4,3530,25,0,104900000
Johar Town,4,2,3335,2,0,63607500
Gulshan-e-Iqbal,4,4,2121,8,0,39015000
Gulshan-e-Iqbal,5,4,1426,27,1,28690000
DHA Phase 6,1,3,1326,9,1,37782000
Gulshan-e-Iqbal,3,3,2100,13,0,36200000
PECHS,4,1,3241,10,0,72299500
Model Town,1,1,3894,17,0,70452000
Johar Town,4,4,1589,21,1,32708500
Gulshan-e-Iqbal,4,2,3019,11,0,52185000
DHA Phase 6,3,3,1534,22,1,48258000
PECHS,2,3,3642,11,0,74789000
Bahria Town,5,4,1001,12,1,35722500
Model Town,5,1,2066,24,0,46308000
Model Town,3,2,1214,12,1,27612000
Johar Town,4,1,1896,18,0,38104000
Model Town,1,1,1782,25,0,31476000
Gulshan-e-Iqbal,4,1,3823,18,0,63545000
DHA Phase 6,3,1,3642,22,1,105174000
Model Town,5,3,3267,13,0,69246000
Model Town,4,3,2835,3,1,60270000
Bahria Town,5,1,1721,12,1,51922500
Bahria Town,1,2,730,7,0,18375000
Clifton,5,4,3452,28,0,117960000
PECHS,5,2,1794,22,0,45123000
Gulshan-e-Iqbal,2,2,3583,20,1,55745000
Model Town,2,2,3633,22,0,67554000
Model Town,2,1,782,18,1,16716000
DHA Phase 6,5,3,3630,11,1,114030000
Clifton,3,2,963,17,0,37490000
PECHS,5,1,638,5,0,24791000
Clifton,3,2,3144,17,0,102920000
Johar Town,3,2,1972,18,0,37158000
PECHS,2,1,3629,21,0,73235500
Model Town,4,3,1520,4,0,36480000
Model Town,1,3,3369,23,1,60282000
PECHS,2,4,3832,8,1,78884000
Model Town,2,1,615,26,1,12750000
Gulshan-e-Iqbal,4,4,1092,2,0,24180000
PECHS,1,4,2049,27,1,39045500
Clifton,5,4,1731,9,1,70130000
PECHS,5,3,3541,18,1,79709500
Model Town,2,1,910,2,1,20940000
Gulshan-e-Iqbal,1,4,1338,28,1,19270000
Gulshan-e-Iqbal,2,1,3841,28,0,58815000
Johar Town,3,1,1145,21,0,23182500
Clifton,2,3,3061,14,1,97030000
Bahria Town,2,4,850,0,1,25125000
Bahria Town,5,4,1358,6,1,44655000
PECHS,5,1,2404,11,0,58448000
Johar Town,5,2,3812,16,0,72138000
DHA Phase 6,3,3,1897,29,1,56799000
PECHS,5,3,2231,20,0,53904500
Johar Town,1,3,2514,25,0,40931000
Clifton,4,3,3710,28,1,121700000
Clifton,1,4,1413,23,0,41790000
Clifton,1,4,628,19,0,19040000
Clifton,5,2,1557,4,1,65910000
Clifton,4,3,2632,3,0,94360000
Johar Town,4,3,1076,27,0,23584000
Johar Town,4,1,917,11,1,22720500
Gulshan-e-Iqbal,3,4,844,29,0,15760000
Bahria Town,5,3,1347,19,0,42457500
Model Town,4,2,1296,27,1,29688000
Clifton,3,2,871,23,1,33530000
DHA Phase 6,2,4,2371,17,1,68157000
Model Town,2,2,1862,16,0,36396000
Johar Town,3,2,3024,18,1,54516000
DHA Phase 6,3,4,865,8,0,32715000
DHA Phase 6,5,3,3573,3,1,113931000
DHA Phase 6,5,3,1520,25,0,54540000
Gulshan-e-Iqbal,2,2,939,20,1,16085000
Johar Town,4,2,988,1,1,24992000
DHA Phase 6,2,3,3224,3,1,93708000
Clifton,4,4,2650,1,1,95300000
PECHS,4,2,1765,14,0,42997500
DHA Phase 6,5,1,975,1,1,44145000
Gulshan-e-Iqbal,1,4,2633,3,1,41195000
Model Town,1,2,2971,5,0,55278000
Johar Town,3,2,745,6,1,18232500
Gulshan-e-Iqbal,5,1,2581,9,0,47815000
DHA Phase 6,4,1,892,18,1,35244000
Johar Town,1,3,1031,18,1,17231500
PECHS,4,4,1304,25,1,32578000
DHA Phase 6,1,4,3596,21,0,96912000
Gulshan-e-Iqbal,1,3,2598,28,1,38170000
Bahria Town,1,4,3232,11,1,74070000
Clifton,5,4,998,2,1,49540000
Model Town,2,4,3464,12,0,65712000
Gulshan-e-Iqbal,4,4,1563,17,0,29745000
Johar Town,5,4,3811,7,1,73111500
DHA Phase 6,5,1,2834,20,0,90918000
Clifton,5,4,2641,14,1,96430000
DHA Phase 6,5,1,2428,0,1,83556000
Johar Town,5,4,2708,2,1,55462000
DHA Phase 6,3,3,1538,25,1,47826000
Bahria Town,4,2,1309,7,1,40402500
Clifton,5,1,1406,3,1,61580000
Clifton,4,4,2063,15,1,74890000
Johar Town,3,3,3990,29,0,69245000
Model Town,3,2,1925,22,0,39210000
Bahria Town,4,1,610,9,0,24375000
Gulshan-e-Iqbal,1,2,1685,11,0,26175000
DHA Phase 6,2,3,2468,13,0,71496000
PECHS,1,1,2873,13,0,56933500
DHA Phase 6,1,2,3824,1,0,106668000
DHA Phase 6,1,4,3211,22,1,86337000
Gulshan-e-Iqbal,5,1,1371,4,1,30165000
DHA Phase 6,3,2,2194,4,1,69318000
Bahria Town,1,3,2207,5,1,51907500
Bahria Town,3,3,1933,12,0,50692500
Clifton,4,1,1484,8,0,58920000
Johar Town,2,2,3914,29,1,65791000
Model Town,4,1,1989,21,1,42882000
PECHS,4,1,3778,27,0,80561000
DHA Phase 6,5,2,825,28,1,35235000
DHA Phase 6,2,2,1424,14,1,43128000
Gulshan-e-Iqbal,4,4,2865,13,1,49675000
Johar Town,4,2,1536,23,1,31614000
Bahria Town,2,3,3400,6,0,81600000
PECHS,2,1,3153,24,1,63563500
Clifton,4,1,2906,19,1,99380000
Bahria Town,2,3,2511,1,0,62347500
Johar Town,4,2,2396,6,0,47674000
Model Town,4,3,653,5,1,20754000
Clifton,5,3,3718,16,0,128340000
Model Town,1,4,1326,26,1,23148000
Gulshan-e-Iqbal,4,3,3336,24,1,55640000
Gulshan-e-Iqbal,3,1,2144,24,0,35760000
DHA Phase 6,1,3,3770,27,1,100530000
Model Town,1,1,1643,1,1,31854000
Johar Town,1,1,2513,2,1,43444500
PECHS,5,1,2376,4,1,58812000
Clifton,4,2,2196,4,0,81080000
Bahria Town,5,4,2514,0,0,71565000
Johar Town,4,1,3066,7,1,58619000
Johar Town,5,1,3337,11,0,64850500
Gulshan-e-Iqbal,5,2,1449,23,1,29435000
Model Town,3,1,2709,3,1,55602000
DHA Phase 6,5,3,3816,12,1,118872000
DHA Phase 6,2,3,2863,22,1,80541000
Clifton,3,4,602,14,1,27260000
Gulshan-e-Iqbal,5,1,759,10,0,20385000
Johar Town,1,2,1380,9,1,23980000
PECHS,2,3,3791,2,0,78864500
Gulshan-e-Iqbal,2,2,1492,21,0,24280000
Clifton,2,2,2630,13,1,84300000
Clifton,3,3,3760,15,1,121800000
Gulshan-e-Iqbal,5,2,2976,9,1,53740000
Clifton,5,3,1179,28,1,49770000
Gulshan-e-Iqbal,1,2,2533,9,1,39095000
Bahria Town,1,3,1980,11,0,45900000
Gulshan-e-Iqbal,2,1,1890,29,1,29450000
Model Town,1,4,2240,8,1,41760000
Gulshan-e-Iqbal,3,3,1551,0,0,29265000
Clifton,5,3,3994,4,0,139020000
Model Town,2,4,3282,19,1,61596000
Clifton,1,3,1587,7,0,50210000
DHA Phase 6,3,3,1818,10,1,58086000
DHA Phase 6,3,2,1520,11,0,49860000
Model Town,1,4,3385,0,0,63330000
Bahria Town,5,1,1955,24,1,55387500
DHA Phase 6,1,3,769,21,0,20583000
Gulshan-e-Iqbal,2,4,1120,19,0,18900000
Clifton,1,2,2086,27,0,61180000
DHA Phase 6,3,1,639,24,0,23733000
DHA Phase 6,1,4,2160,10,0,60120000
Bahria Town,5,1,3932,4,0,102870000
Model Town,4,1,2018,14,1,44244000
Model Town,1,1,1554,4,1,29892000
Johar Town,5,3,3897,11,0,74090500
Bahria Town,5,3,1583,4,1,50017500
Gulshan-e-Iqbal,3,2,3795,16,1,61325000
Model Town,5,2,1574,16,1,38412000
Clifton,5,4,637,23,0,34510000
Bahria Town,5,2,2975,11,1,80287500
DHA Phase 6,5,1,1874,23,0,64458000
Clifton,2,1,1799,27,1,56570000
Clifton,2,3,2225,14,0,71950000
DHA Phase 6,3,1,1513,14,0,49131000
Bahria Town,1,4,1053,5,1,25942500
DHA Phase 6,5,1,636,11,1,33192000
Johar Town,1,1,3987,26,0,65125500
Clifton,1,4,2311,28,1,67730000
PECHS,3,2,3620,19,1,75920000
PECHS,5,2,1395,17,1,37992500
Gulshan-e-Iqbal,5,4,1572,13,0,32280000
Model Town,4,3,1192,1,0,30936000
DHA Phase 6,1,1,1737,8,1,49059000
DHA Phase 6,1,4,3711,4,1,103077000
Gulshan-e-Iqbal,2,1,1924,19,1,30960000
Gulshan-e-Iqbal,4,3,2871,25,0,48565000
Gulshan-e-Iqbal,2,1,917,28,0,14955000
Clifton,2,4,2996,0,1,97880000
Johar Town,2,1,2762,22,1,47553000
DHA Phase 6,3,2,3345,2,1,100755000
Clifton,3,3,1946,5,1,69380000
Gulshan-e-Iqbal,2,3,2191,4,1,36465000
DHA Phase 6,4,3,3711,20,1,110997000
Clifton,1,4,2489,26,0,73470000
Johar Town,4,3,2687,4,1,52695500
Clifton,5,2,2596,0,0,97880000
Johar Town,3,4,2372,16,1,43978000
Gulshan-e-Iqbal,1,2,1912,18,1,28880000
Johar Town,1,1,1885,13,0,31872500
DHA Phase 6,5,1,815,11,0,38025000
Gulshan-e-Iqbal,5,1,3818,9,0,66370000
DHA Phase 6,2,1,2983,19,0,84321000
PECHS,3,2,3839,20,1,80060500
Bahria Town,3,4,2739,17,0,68077500
Johar Town,4,4,3000,23,1,55770000
Bahria Town,2,3,3218,26,0,74505000
Bahria Town,2,2,3463,10,1,82417500
Johar Town,2,1,2304,29,1,39226000
Gulshan-e-Iqbal,2,2,3428,1,1,55320000
PECHS,3,3,962,24,1,23439000
DHA Phase 6,3,3,3204,17,1,94248000
Clifton,2,2,2316,28,1,71880000
DHA Phase 6,4,2,1793,24,0,58491000
Clifton,1,2,955,6,1,31450000
DHA Phase 6,1,4,790,23,0,20790000
Johar Town,4,1,3069,14,0,57898500
PECHS,2,2,1299,10,1,29230500
Clifton,3,2,2654,17,0,88220000
Model Town,1,2,2780,22,1,49800000
Gulshan-e-Iqbal,5,3,1156,11,0,26240000
DHA Phase 6,5,3,1425,5,1,55575000
DHA Phase 6,4,4,3408,19,0,102996000
Clifton,2,1,1654,22,1,53220000
Gulshan-e-Iqbal,1,4,3182,29,1,46830000
Gulshan-e-Iqbal,2,1,1025,12,1,18175000
Johar Town,1,3,3319,19,1,54873500
Model Town,4,3,3010,15,0,61980000
Johar Town,4,3,2174,17,1,42801000
Johar Town,5,4,2729,9,0,55038500
Johar Town,2,2,3003,27,0,50979500
Johar Town,5,2,3929,22,0,73408500
Johar Town,2,3,1188,7,1,23232000
PECHS,5,2,2612,17,0,61724000
Gulshan-e-Iqbal,3,2,2147,20,0,36205000
Johar Town,3,4,894,0,0,21351000
Gulshan-e-Iqbal,3,1,2585,22,1,42575000
Gulshan-e-Iqbal,3,3,1847,7,1,33005000
Bahria Town,1,3,2148,28,0,47130000
PECHS,3,4,3717,5,1,79631500
Johar Town,4,4,2290,4,1,46145000
DHA Phase 6,4,2,1736,14,0,58752000
Clifton,1,3,1856,21,0,55480000
Model Town,3,1,2664,14,1,53472000
DHA Phase 6,3,4,959,1,0,36513000
PECHS,3,1,3894,0,1,83733000
Clifton,5,1,3513,22,1,120990000
PECHS,2,3,1299,22,1,27670500
Gulshan-e-Iqbal,5,3,1047,25,1,23205000
Clifton,2,4,3503,10,1,111090000
Gulshan-e-Iqbal,3,3,3012,9,1,50280000
DHA Phase 6,3,3,1274,29,0,39978000
DHA Phase 6,5,3,1607,17,0,58329000
Clifton,5,1,1949,17,1,75070000
Clifton,2,4,3114,16,1,98220000
Johar Town,4,2,3061,25,1,56556500
PECHS,2,1,1185,7,0,27397500
Johar Town,5,3,1856,14,1,40084000
PECHS,5,1,1847,7,0,48106500
Johar Town,1,3,1593,16,1,26724500
Gulshan-e-Iqbal,5,3,2035,11,1,39425000
Clifton,1,1,1171,26,0,33930000
DHA Phase 6,4,4,2982,7,0,93654000
PECHS,2,3,1845,24,1,38057500
PECHS,2,4,2684,13,1,55848000
DHA Phase 6,1,2,1588,3,1,45936000
Johar Town,2,3,877,0,0,18870500
PECHS,5,4,1819,0,0,48470500
Model Town,3,4,3563,18,0,69174000
Gulshan-e-Iqbal,1,2,2487,15,0,37805000
Clifton,2,4,1083,13,0,37890000
DHA Phase 6,1,4,1865,20,0,50355000
Clifton,1,2,3995,15,1,120850000
Model Town,3,3,1330,4,1,30660000
PECHS,5,4,2839,8,0,67320500
PECHS,1,4,1640,25,1,31330000
Model Town,2,4,3171,29,1,58398000
DHA Phase 6,4,1,1517,27,0,50499000
Gulshan-e-Iqbal,1,2,3048,1,1,47620000
Bahria Town,1,1,1485,17,0,33862500
DHA Phase 6,3,2,3352,5,0,100404000
Bahria Town,5,3,621,8,1,27772500
Model Town,4,3,1073,0,0,28914000
Johar Town,2,4,3791,8,0,66071500
Bahria Town,4,2,2857,24,0,72682500
Gulshan-e-Iqbal,2,3,2953,15,0,46795000
Johar Town,5,2,3941,12,0,74706500
Bahria Town,2,3,1303,8,0,34117500
Model Town,3,1,1286,20,0,27948000
Johar Town,3,3,884,12,0,19866000
Model Town,3,1,1315,8,1,29910000
Bahria Town,3,3,1362,10,1,38145000
Model Town,4,4,1850,3,1,42540000
Gulshan-e-Iqbal,5,1,1547,1,0,33105000
Bahria Town,2,3,3028,28,0,69930000
Bahria Town,2,4,3107,5,1,75157500
Bahria Town,3,1,1630,13,1,43725000
DHA Phase 6,3,4,628,3,1,27216000
DHA Phase 6,1,2,1506,5,0,43362000
DHA Phase 6,5,2,3704,18,1,114768000
Gulshan-e-Iqbal,4,1,3526,5,1,60390000
Johar Town,2,3,2726,1,0,49269000
Model Town,1,1,3594,17,1,65052000
PECHS,1,4,3106,12,0,61607000
Bahria Town,2,3,1169,8,0,31102500
Model Town,4,2,2606,22,0,53868000
Bahria Town,1,3,2053,18,1,46492500
Gulshan-e-Iqbal,1,2,1337,12,1,20855000
Bahria Town,5,3,3956,10,0,102510000
DHA Phase 6,4,3,1115,0,1,44505000
PECHS,1,3,2600,23,1,50310000
Clifton,4,4,3770,29,1,123300000
Bahria Town,2,4,3044,21,1,71340000
Model Town,3,1,638,6,0,17964000
DHA Phase 6,1,1,3942,24,1,105714000
Clifton,5,2,1486,20,0,60580000
PECHS,2,4,3444,14,0,70538000
Clifton,4,2,2804,0,1,100120000
DHA Phase 6,2,1,1698,11,0,51066000
Johar Town,1,2,3531,25,1,57711500
Johar Town,4,1,2423,6,1,48119500
Clifton,3,4,3801,14,0,123230000
Gulshan-e-Iqbal,2,3,2310,20,0,36650000
Model Town,1,4,1573,18,0,28554000
Model Town,5,2,3755,27,0,76350000
Clifton,4,2,3693,28,1,121190000
Bahria Town,2,4,2162,24,1,51045000
Bahria Town,2,4,3496,0,1,84660000
Model Town,3,1,3395,16,0,66390000
Model Town,3,2,1588,16,0,33864000
Johar Town,5,2,620,2,0,21010000
Gulshan-e-Iqbal,5,4,2950,11,1,53150000
DHA Phase 6,1,3,1468,5,0,42336000
Bahria Town,1,2,683,25,1,14617500
Model Town,5,3,2282,10,0,51876000
Johar Town,5,4,2576,2,1,53284000
PECHS,4,4,2010,7,1,48685000
Johar Town,3,1,2130,13,0,40315000
Bahria Town,1,2,3928,13,0,89430000
Bahria Town,3,3,1169,9,1,33952500
Johar Town,3,1,1533,1,1,31784500
DHA Phase 6,5,2,3833,13,0,119151000
Clifton,4,1,2580,8,0,91800000
Bahria Town,2,4,3834,2,1,91965000
Johar Town,4,2,2455,20,0,47107500
